"Contact ID",Email,"First Name","Last Name",delete_flag,gender
1001,contact1@example.com,Jedo1,Last1,No,Male
1002,contact2@example.com,Jedo2,Last2,Yes,Female
1003,contact3@example.com,Jedo3,Last3,Yes,Female
1004,contact4@example.com,Jedo4,Last4,No,Female
1005,contact5@example.com,Jedo5,Last5,No,Male
1006,contact6@example.com,Jedo6,Last6,No,Male
1007,contact7@example.com,Jedo7,Last7,No,Female
1008,contact8@example.com,Jedo8,Last8,Yes,Female
1009,contact9@example.com,Jedo9,Last9,No,Female
1010,contact10@example.com,Jedo10,Last10,Yes,Male
1011,contact11@example.com,Jedo11,Last11,Yes,Male
1012,contact12@example.com,Jedo12,Last12,Yes,Female
1013,contact13@example.com,Jedo13,Last13,No,Female
1014,contact14@example.com,Jedo14,Last14,No,Male
1015,contact15@example.com,Jedo15,Last15,Yes,Female
1016,contact16@example.com,Jedo16,Last16,No,Male
1017,contact17@example.com,Jedo17,Last17,No,Female
1018,contact18@example.com,Jedo18,Last18,Yes,Female
1019,contact19@example.com,Jedo19,Last19,Yes,Male
1020,contact20@example.com,Jedo20,Last20,Yes,Female
1021,contact21@example.com,Jedo21,Last21,No,Female
1022,contact22@example.com,Jedo22,Last22,No,Male
1023,contact23@example.com,Jedo23,Last23,No,Male
1024,contact24@example.com,Jedo24,Last24,No,Female
1025,contact25@example.com,Jedo25,Last25,Yes,Male
1026,contact26@example.com,Jedo26,Last26,No,Female
1027,contact27@example.com,Jedo27,Last27,No,Male
1028,contact28@example.com,Jedo28,Last28,No,Male
1029,contact29@example.com,Jedo29,Last29,Yes,Female
1030,contact30@example.com,Jedo30,Last30,Yes,Male
1031,contact31@example.com,Jedo31,Last31,Yes,Male
1032,contact32@example.com,Jedo32,Last32,Yes,Male
1033,contact33@example.com,Jedo33,Last33,No,Female
1034,contact34@example.com,Jedo34,Last34,Yes,Female
1035,contact35@example.com,Jedo35,Last35,No,Female
1036,contact36@example.com,Jedo36,Last36,Yes,Female
1037,contact37@example.com,Jedo37,Last37,Yes,Female
1038,contact38@example.com,Jedo38,Last38,Yes,Male
1039,contact39@example.com,Jedo39,Last39,No,Male
1040,contact40@example.com,Jedo40,Last40,No,Male
1041,contact41@example.com,Jedo41,Last41,Yes,Female
1042,contact42@example.com,Jedo42,Last42,No,Female
1043,contact43@example.com,Jedo43,Last43,Yes,Female
1044,contact44@example.com,Jedo44,Last44,No,Female
1045,contact45@example.com,Jedo45,Last45,Yes,Female
1046,contact46@example.com,Jedo46,Last46,Yes,Male
1047,contact47@example.com,Jedo47,Last47,Yes,Male
1048,contact48@example.com,Jedo48,Last48,No,Male
1049,contact49@example.com,Jedo49,Last49,No,Female
1050,contact50@example.com,Jedo50,Last50,No,Female
